{"_wandb":{"runtime":5},"_timestamp":1.7484124949340863e+09,"_runtime":5.189333555,"_step":9,"step":9,"loss":1,"accuracy":0.9}